{"cameraMode":{"drawMode":0,"name":"Shaded","section":"Shading Mode"},"sceneLighting":true,"audioPlay":false,"sceneViewState":{"showFog":true,"showMaterialUpdate":false,"showSkybox":true,"showFlares":true,"showImageEffects":true,"showParticleSystems":true},"in2DMode":false,"pivot":{"x":60.77330780029297,"y":2.6600914001464845,"z":-13.853179931640625},"rotation":{"x":-0.01776132732629776,"y":0.9819297790527344,"z":-0.12020357698202133,"w":-0.1450905054807663},"size":31.076936721801759,"orthographic":false}